-- phpMyAdmin SQL Dump
-- version 5.2.0
-- https://www.phpmyadmin.net/
--
-- Host: 127.0.0.1:3306
-- Generation Time: May 23, 2023 at 03:51 PM
-- Server version: 8.0.31
-- PHP Version: 8.0.26

SET SQL_MODE = "NO_AUTO_VALUE_ON_ZERO";
START TRANSACTION;
SET time_zone = "+00:00";


/*!40101 SET @OLD_CHARACTER_SET_CLIENT=@@CHARACTER_SET_CLIENT */;
/*!40101 SET @OLD_CHARACTER_SET_RESULTS=@@CHARACTER_SET_RESULTS */;
/*!40101 SET @OLD_COLLATION_CONNECTION=@@COLLATION_CONNECTION */;
/*!40101 SET NAMES utf8mb4 */;

--
-- Database: `digitalkirana`
--

-- --------------------------------------------------------

--
-- Table structure for table `auto_generated_number`
--

DROP TABLE IF EXISTS `auto_generated_number`;
CREATE TABLE IF NOT EXISTS `auto_generated_number` (
  `Id` int NOT NULL AUTO_INCREMENT,
  `Type` varchar(100) NOT NULL,
  `Number` int NOT NULL,
  `TenantId` int NOT NULL,
  PRIMARY KEY (`Id`),
  KEY `autoGeneratedNumber_ibfk_1` (`TenantId`)
) ENGINE=InnoDB AUTO_INCREMENT=6 DEFAULT CHARSET=utf8mb4 COLLATE=utf8mb4_0900_ai_ci;

--
-- Dumping data for table `auto_generated_number`
--

INSERT INTO `auto_generated_number` (`Id`, `Type`, `Number`, `TenantId`) VALUES
(1, 'SalesBill', 0, 2),
(2, 'SalesBill', 12, 1),
(3, 'SalesBill', 0, 3),
(4, 'SalesBill', 0, 5),
(5, 'SalesBill', 0, 6);

-- --------------------------------------------------------

--
-- Table structure for table `category`
--

DROP TABLE IF EXISTS `category`;
CREATE TABLE IF NOT EXISTS `category` (
  `Id` int NOT NULL AUTO_INCREMENT,
  `CategoryName` varchar(50) NOT NULL,
  `Description` varchar(100) NOT NULL,
  `CreatedAt` date NOT NULL,
  `UserId` int NOT NULL,
  `TenantId` int NOT NULL,
  PRIMARY KEY (`Id`),
  KEY `category_ibfk_1` (`TenantId`),
  KEY `category_ibfk_2` (`UserId`)
) ENGINE=InnoDB AUTO_INCREMENT=4 DEFAULT CHARSET=utf8mb4 COLLATE=utf8mb4_0900_ai_ci;

--
-- Dumping data for table `category`
--

INSERT INTO `category` (`Id`, `CategoryName`, `Description`, `CreatedAt`, `UserId`, `TenantId`) VALUES
(1, 'Cigaratte', 'All products related to Cigarattes', '2023-04-05', 2, 1),
(2, 'Soft Drink', 'All products related to soft drink', '2023-04-05', 2, 1),
(3, 'Beer', 'All products related to beer', '2023-04-07', 2, 1);

-- --------------------------------------------------------

--
-- Table structure for table `customer`
--

DROP TABLE IF EXISTS `customer`;
CREATE TABLE IF NOT EXISTS `customer` (
  `Id` int NOT NULL AUTO_INCREMENT,
  `CustomerName` varchar(50) NOT NULL,
  `Phone` varchar(50) NOT NULL,
  `Email` varchar(50) NOT NULL,
  `Address` varchar(100) NOT NULL,
  `CreatedAt` date NOT NULL,
  `UserId` int NOT NULL,
  `TenantId` int NOT NULL,
  PRIMARY KEY (`Id`),
  KEY `customer_ibfk_1` (`TenantId`),
  KEY `customer_ibfk_2` (`UserId`)
) ENGINE=InnoDB AUTO_INCREMENT=3 DEFAULT CHARSET=utf8mb4 COLLATE=utf8mb4_0900_ai_ci;

--
-- Dumping data for table `customer`
--

INSERT INTO `customer` (`Id`, `CustomerName`, `Phone`, `Email`, `Address`, `CreatedAt`, `UserId`, `TenantId`) VALUES
(1, 'Krishala Dangal', '98745321', 'krishala@gmail.com', 'kakarvitta', '2023-04-07', 2, 1);

-- --------------------------------------------------------

--
-- Table structure for table `product`
--

DROP TABLE IF EXISTS `product`;
CREATE TABLE IF NOT EXISTS `product` (
  `Id` int NOT NULL AUTO_INCREMENT,
  `ProductName` varchar(50) NOT NULL,
  `ProductCode` varchar(50) NOT NULL,
  `Description` varchar(100) NOT NULL,
  `CategoryId` int NOT NULL,
  `CostPrice` decimal(18,2) NOT NULL,
  `SellingPrice` decimal(18,2) NOT NULL,
  `WholesalePrice` decimal(18,2) NOT NULL,
  `Unit` varchar(50) NOT NULL,
  `Quantity` int NOT NULL,
  `ImageUrl` varchar(100) NOT NULL,
  `MinimumQuantity` int NOT NULL,
  `MaximumQuantity` int NOT NULL,
  `CreatedAt` date NOT NULL,
  `UserId` int NOT NULL,
  `TenantId` int NOT NULL,
  PRIMARY KEY (`Id`),
  KEY `product_ibfk_1` (`CategoryId`),
  KEY `product_ibfk_2` (`TenantId`),
  KEY `product_ibfk_3` (`UserId`)
) ENGINE=InnoDB AUTO_INCREMENT=7 DEFAULT CHARSET=utf8mb4 COLLATE=utf8mb4_0900_ai_ci;

--
-- Dumping data for table `product`
--

INSERT INTO `product` (`Id`, `ProductName`, `ProductCode`, `Description`, `CategoryId`, `CostPrice`, `SellingPrice`, `WholesalePrice`, `Unit`, `Quantity`, `ImageUrl`, `MinimumQuantity`, `MaximumQuantity`, `CreatedAt`, `UserId`, `TenantId`) VALUES
(1, 'Khukuri ', '001', ' Khukuri cigrate ', 1, '180.00', '200.00', '190.00', 'pkt', 6, '2023-04-08-08-49-34.png', 10, 100, '2023-04-05', 2, 1),
(2, 'Coke', '002', '   Coke of original drink   ', 2, '150.00', '198.00', '190.00', 'pcs', 2, '2023-04-08-08-49-40.png', 40, 100, '2023-04-05', 2, 1),
(3, 'Shikhar', '003', 'Shikhar Churot', 1, '200.00', '300.00', '248.00', 'pkt', 90, '2023-04-08-08-50-27.png', 60, 100, '2023-04-08', 2, 1),
(4, 'Fanta', '004', 'Fanta', 2, '180.00', '200.00', '190.00', 'pcs', 5, '', 10, 49, '2023-04-10', 2, 1);

-- --------------------------------------------------------

--
-- Table structure for table `purchase`
--

DROP TABLE IF EXISTS `purchase`;
CREATE TABLE IF NOT EXISTS `purchase` (
  `Id` int NOT NULL AUTO_INCREMENT,
  `BillNumber` varchar(100) NOT NULL,
  `SupplierId` int NOT NULL,
  `GrossTotal` decimal(18,2) NOT NULL,
  `Discount` decimal(18,2) NOT NULL,
  `Vat` decimal(18,2) NOT NULL,
  `NetTotal` decimal(18,2) NOT NULL,
  `TenderAmount` decimal(18,2) NOT NULL,
  `ReturnAmount` decimal(18,2) NOT NULL,
  `Remarks` varchar(100) NOT NULL,
  `CreatedAt` date NOT NULL,
  `UserId` int NOT NULL,
  `TenantId` int NOT NULL,
  PRIMARY KEY (`Id`),
  KEY `purchase_ibfk_1` (`SupplierId`),
  KEY `purchase_ibfk_2` (`TenantId`),
  KEY `purchase_ibfk_3` (`UserId`)
) ENGINE=InnoDB AUTO_INCREMENT=9 DEFAULT CHARSET=utf8mb4 COLLATE=utf8mb4_0900_ai_ci;

--
-- Dumping data for table `purchase`
--

INSERT INTO `purchase` (`Id`, `BillNumber`, `SupplierId`, `GrossTotal`, `Discount`, `Vat`, `NetTotal`, `TenderAmount`, `ReturnAmount`, `Remarks`, `CreatedAt`, `UserId`, `TenantId`) VALUES
(1, '001', 1, '1200.00', '2.00', '3.00', '1211.28', '0.00', '0.00', 'remarks', '2023-04-05', 2, 1),
(4, '002', 2, '1790.00', '4.00', '5.00', '1804.32', '0.00', '0.00', 'remarks', '2023-04-05', 2, 1),
(5, '003', 2, '1200.00', '10.00', '13.00', '1220.40', '0.00', '0.00', 'Remarks of purchase', '2023-04-06', 2, 1),
(6, '4004', 2, '600.00', '5.00', '5.00', '598.50', '600.00', '1.50', '', '2023-04-06', 2, 1),
(7, '2323', 2, '1980.00', '0.00', '0.00', '1980.00', '2000.00', '20.00', 'pruchase', '2023-04-08', 2, 1),
(8, '0123', 1, '3980.00', '10.00', '13.00', '4047.66', '5000.00', '952.34', 'purchased from binayak store', '2023-04-10', 2, 1);

-- --------------------------------------------------------

--
-- Table structure for table `purchase_details`
--

DROP TABLE IF EXISTS `purchase_details`;
CREATE TABLE IF NOT EXISTS `purchase_details` (
  `Id` int NOT NULL AUTO_INCREMENT,
  `PurchaseId` int NOT NULL,
  `ProductId` int NOT NULL,
  `Rate` decimal(18,2) NOT NULL,
  `Quantity` int NOT NULL,
  `TotalAmount` decimal(18,2) NOT NULL,
  `TenantId` int NOT NULL,
  PRIMARY KEY (`Id`)
) ENGINE=InnoDB AUTO_INCREMENT=13 DEFAULT CHARSET=utf8mb4 COLLATE=utf8mb4_0900_ai_ci;

--
-- Dumping data for table `purchase_details`
--

INSERT INTO `purchase_details` (`Id`, `PurchaseId`, `ProductId`, `Rate`, `Quantity`, `TotalAmount`, `TenantId`) VALUES
(1, 1, 1, '200.00', 6, '1200.00', 1),
(6, 4, 1, '200.00', 4, '800.00', 1),
(7, 4, 2, '198.00', 5, '990.00', 1),
(8, 5, 1, '200.00', 6, '1200.00', 1),
(9, 6, 1, '200.00', 3, '600.00', 1),
(10, 7, 2, '198.00', 10, '1980.00', 1),
(11, 8, 1, '200.00', 10, '2000.00', 1),
(12, 8, 2, '198.00', 10, '1980.00', 1);

-- --------------------------------------------------------

--
-- Table structure for table `sales`
--

DROP TABLE IF EXISTS `sales`;
CREATE TABLE IF NOT EXISTS `sales` (
  `Id` int NOT NULL AUTO_INCREMENT,
  `BillNumber` varchar(100) NOT NULL,
  `CustomerId` int DEFAULT NULL,
  `GrossTotal` decimal(18,2) NOT NULL,
  `Discount` decimal(18,2) NOT NULL,
  `Vat` decimal(18,2) NOT NULL,
  `NetTotal` decimal(18,2) NOT NULL,
  `TenderAmount` decimal(18,2) NOT NULL,
  `ReturnAmount` decimal(18,2) NOT NULL,
  `Remarks` varchar(200) NOT NULL,
  `CreatedAt` date NOT NULL,
  `UserId` int NOT NULL,
  `TenantId` int NOT NULL,
  `CustomerName` varchar(100) NOT NULL,
  PRIMARY KEY (`Id`),
  KEY `sales_ibfk_1` (`CustomerId`),
  KEY `sales_ibfk_2` (`TenantId`),
  KEY `sales_ibfk_3` (`UserId`)
) ENGINE=InnoDB AUTO_INCREMENT=15 DEFAULT CHARSET=utf8mb4 COLLATE=utf8mb4_0900_ai_ci;

--
-- Dumping data for table `sales`
--

INSERT INTO `sales` (`Id`, `BillNumber`, `CustomerId`, `GrossTotal`, `Discount`, `Vat`, `NetTotal`, `TenderAmount`, `ReturnAmount`, `Remarks`, `CreatedAt`, `UserId`, `TenantId`, `CustomerName`) VALUES
(1, '001', 1, '200.00', '0.00', '0.00', '200.00', '300.00', '100.00', 'sales done', '2023-04-05', 2, 1, 'Krishala Dangal'),
(2, '002', 1, '1600.00', '0.00', '0.00', '1600.00', '2000.00', '400.00', 'sold to that person', '2023-04-05', 2, 1, 'Krishala Dangal'),
(3, '003', 1, '990.00', '0.00', '0.00', '990.00', '1000.00', '10.00', 'Remarks of now.', '2023-04-06', 2, 1, 'Krishala Dangal'),
(4, '004', 1, '800.00', '0.00', '0.00', '800.00', '1000.00', '200.00', 'remarks', '2023-04-07', 2, 1, 'Krishala Dangal'),
(5, '1', 1, '4980.00', '10.00', '13.00', '5064.66', '6000.00', '935.34', 'Sold some products', '2023-04-08', 2, 1, 'Krishala Dangal'),
(6, '1', 1, '396.00', '0.00', '0.00', '396.00', '400.00', '4.00', 'remarks', '2023-04-09', 2, 1, 'Krishala Dangal'),
(7, 'Array', 1, '1980.00', '0.00', '0.00', '1980.00', '2000.00', '20.00', 'remarks', '2023-04-09', 2, 1, 'Krishala Dangal'),
(8, 'Array', 1, '3000.00', '0.00', '0.00', '3000.00', '3000.00', '0.00', 'remarks', '2023-04-09', 2, 1, 'Krishala Dangal'),
(9, 'Array', 1, '1000.00', '0.00', '0.00', '1000.00', '1000.00', '0.00', 'remarks', '2023-04-09', 2, 1, 'Krishala Dangal'),
(10, '8', 1, '9900.00', '0.00', '0.00', '9900.00', '10000.00', '100.00', 'remarks', '2023-04-09', 2, 1, 'Krishala Dangal'),
(11, '9', 1, '2000.00', '0.00', '0.00', '2000.00', '2000.00', '0.00', 'sales', '2023-04-10', 2, 1, 'Krishala Dangal'),
(12, '10', 1, '7920.00', '0.00', '0.00', '7920.00', '8000.00', '80.00', 'sold to krishala store', '2023-04-16', 4, 1, 'Krishala Dangal'),
(13, '11', 1, '1990.00', '10.00', '13.00', '2023.83', '2050.00', '26.17', 'sales to the customer', '2023-05-08', 2, 1, 'Krishala Dangal'),
(14, '12', 1, '198.00', '3.00', '4.00', '199.74', '3.00', '-196.74', '', '2023-05-23', 4, 1, 'Krishala Dangal');

-- --------------------------------------------------------

--
-- Table structure for table `sales_details`
--

DROP TABLE IF EXISTS `sales_details`;
CREATE TABLE IF NOT EXISTS `sales_details` (
  `Id` int NOT NULL AUTO_INCREMENT,
  `SalesId` int NOT NULL,
  `ProductId` int NOT NULL,
  `Rate` decimal(18,2) NOT NULL,
  `Quantity` int NOT NULL,
  `TotalAmount` decimal(18,2) NOT NULL,
  `TenantId` int NOT NULL,
  PRIMARY KEY (`Id`),
  KEY `salesDetails_ibfk_1` (`ProductId`),
  KEY `salesDetails_ibfk_2` (`SalesId`),
  KEY `salesDetails_ibfk_3` (`TenantId`)
) ENGINE=InnoDB AUTO_INCREMENT=17 DEFAULT CHARSET=utf8mb4 COLLATE=utf8mb4_0900_ai_ci;

--
-- Dumping data for table `sales_details`
--

INSERT INTO `sales_details` (`Id`, `SalesId`, `ProductId`, `Rate`, `Quantity`, `TotalAmount`, `TenantId`) VALUES
(1, 1, 1, '200.00', 1, '200.00', 1),
(2, 2, 1, '200.00', 8, '1600.00', 1),
(3, 3, 2, '198.00', 5, '990.00', 1),
(4, 4, 1, '200.00', 4, '800.00', 1),
(5, 5, 2, '198.00', 10, '1980.00', 1),
(6, 5, 1, '200.00', 15, '3000.00', 1),
(7, 6, 2, '198.00', 2, '396.00', 1),
(8, 7, 2, '198.00', 10, '1980.00', 1),
(9, 8, 3, '300.00', 10, '3000.00', 1),
(10, 9, 1, '200.00', 5, '1000.00', 1),
(11, 10, 2, '198.00', 50, '9900.00', 1),
(12, 11, 1, '200.00', 10, '2000.00', 1),
(13, 12, 2, '198.00', 40, '7920.00', 1),
(14, 13, 2, '198.00', 5, '990.00', 1),
(15, 13, 4, '200.00', 5, '1000.00', 1),
(16, 14, 2, '198.00', 1, '198.00', 1);

-- --------------------------------------------------------

--
-- Table structure for table `supplier`
--

DROP TABLE IF EXISTS `supplier`;
CREATE TABLE IF NOT EXISTS `supplier` (
  `Id` int NOT NULL AUTO_INCREMENT,
  `SupplierName` varchar(50) NOT NULL,
  `Phone` varchar(50) NOT NULL,
  `Email` varchar(50) NOT NULL,
  `Address` varchar(100) NOT NULL,
  `CreatedAt` date NOT NULL,
  `UserId` int NOT NULL,
  `TenantId` int NOT NULL,
  PRIMARY KEY (`Id`),
  KEY `supplier_ibfk_1` (`TenantId`),
  KEY `supplier_ibfk_2` (`UserId`)
) ENGINE=InnoDB AUTO_INCREMENT=4 DEFAULT CHARSET=utf8mb4 COLLATE=utf8mb4_0900_ai_ci;

--
-- Dumping data for table `supplier`
--

INSERT INTO `supplier` (`Id`, `SupplierName`, `Phone`, `Email`, `Address`, `CreatedAt`, `UserId`, `TenantId`) VALUES
(1, 'Binayak Dhimal', '987456321', 'binayak@gmail.com', 'Kakarvitta', '2023-04-05', 2, 1),
(2, 'Nirjan Pathak', '987456321', 'nirjan@gmail.com', 'Birtamode', '2023-04-05', 2, 1);

-- --------------------------------------------------------

--
-- Table structure for table `supplier_products`
--

DROP TABLE IF EXISTS `supplier_products`;
CREATE TABLE IF NOT EXISTS `supplier_products` (
  `Id` int NOT NULL AUTO_INCREMENT,
  `ProductId` int NOT NULL,
  `SupplierId` int NOT NULL,
  `TenantId` int NOT NULL,
  PRIMARY KEY (`Id`),
  KEY `supplier_products_ibfk_2` (`SupplierId`),
  KEY `supplier_products_ibfk_3` (`TenantId`)
) ENGINE=InnoDB AUTO_INCREMENT=6 DEFAULT CHARSET=utf8mb4 COLLATE=utf8mb4_0900_ai_ci;

--
-- Dumping data for table `supplier_products`
--

INSERT INTO `supplier_products` (`Id`, `ProductId`, `SupplierId`, `TenantId`) VALUES
(1, 1, 1, 1),
(3, 1, 2, 1),
(4, 2, 2, 1),
(5, 2, 1, 1);

-- --------------------------------------------------------

--
-- Table structure for table `tenants`
--

DROP TABLE IF EXISTS `tenants`;
CREATE TABLE IF NOT EXISTS `tenants` (
  `Id` int NOT NULL AUTO_INCREMENT,
  `Name` varchar(50) NOT NULL,
  `Email` varchar(50) NOT NULL,
  `Phone` varchar(50) NOT NULL,
  `Address` varchar(100) NOT NULL,
  `CreatedAt` date NOT NULL,
  `Status` varchar(50) NOT NULL,
  `LogoUrl` varchar(200) NOT NULL,
  PRIMARY KEY (`Id`)
) ENGINE=InnoDB AUTO_INCREMENT=7 DEFAULT CHARSET=utf8mb4 COLLATE=utf8mb4_0900_ai_ci;

--
-- Dumping data for table `tenants`
--

INSERT INTO `tenants` (`Id`, `Name`, `Email`, `Phone`, `Address`, `CreatedAt`, `Status`, `LogoUrl`) VALUES
(1, 'Digital Kirana Pvt. Ltd.', 'digitalkirana@gmail.com', '987456321', 'Kakarvitta', '2023-04-05', 'Approved', '2023-04-08-08-44-31.png'),
(2, 'Tejasvi Computer Support', 'tejasvi@gmail.com', '987456312', 'Kakarvitta', '2023-04-07', 'Approved', ''),
(3, 'Laxmi Enterprises', 'laxmienterprises@gmail.com', '987654', 'Kakarvitta', '2023-04-10', 'Approved', '2023-04-10-01-42-36.png'),
(5, 'Digi', 'Digi@gmail.com', '098765', 'Kakarvitta', '2023-05-07', 'Approved', ''),
(6, 'Sushi In.', 'suhsil@gmail.com', '987654', 'Kakarvitta', '2023-05-08', 'Approved', '');

-- --------------------------------------------------------

--
-- Table structure for table `user`
--

DROP TABLE IF EXISTS `user`;
CREATE TABLE IF NOT EXISTS `user` (
  `Id` int NOT NULL AUTO_INCREMENT,
  `FirstName` varchar(50) NOT NULL,
  `LastName` varchar(50) NOT NULL,
  `Email` varchar(50) NOT NULL,
  `Phone` varchar(50) NOT NULL,
  `Address` varchar(100) NOT NULL,
  `Username` varchar(50) NOT NULL,
  `PasswordHash` varchar(200) NOT NULL,
  `Status` tinyint(1) NOT NULL DEFAULT '1',
  `CreatedAt` date NOT NULL,
  `Role` varchar(50) NOT NULL,
  `TenantId` int DEFAULT NULL,
  PRIMARY KEY (`Id`),
  KEY `tenant_ibfk_1` (`TenantId`)
) ENGINE=InnoDB AUTO_INCREMENT=10 DEFAULT CHARSET=utf8mb4 COLLATE=utf8mb4_0900_ai_ci;

--
-- Dumping data for table `user`
--

INSERT INTO `user` (`Id`, `FirstName`, `LastName`, `Email`, `Phone`, `Address`, `Username`, `PasswordHash`, `Status`, `CreatedAt`, `Role`, `TenantId`) VALUES
(1, 'Super', 'Admin', 'super.admin@gmail.com', '', '', 'super.admin', '$2y$10$1MVYg0ElqeVLx6W9gC92merlp4TswFPs0zQB9tLlMxYc/dBCmsH5q', 1, '2023-04-05', 'Admin', NULL),
(2, 'Sailesh', 'Rijal', 'saileshrijal1@gmail.com', '987456321', 'Kakarvitta', 'saileshrijal', '$2y$10$aKQCWmleAybTcPDwD8fsDOZbpdCYNGfk7VjnZEfQGcAKMvjjFMtAS', 1, '2023-04-05', 'Admin', 1),
(3, 'Pujan', 'Acharya', 'pujan@gmail.com', '98745412', 'Kakarvitta', 'pujan', '$2y$10$hNJKiPe2lT1K08hw9Rd7geDLWaTSUO9sUXJu9uJBpeXs4kBpIANyq', 1, '2023-04-07', 'Admin', 2),
(4, 'Kushal', 'Dangal', 'kushal@gmail.com', '987456321', 'Kakarvitta', 'kushal', '$2y$10$.TYJhHNiJuuLn6h0WOgGtOZqWUjvCq0v.mhkoZNB9NAEY29pbBUw.', 1, '2023-04-08', 'User', 1),
(5, 'Laxmi', 'Bhattarai', 'laxmi@gmail.com', '98765767', 'Birtamode', 'laxmi', '$2y$10$eepCxQDLqiUKkJgTcz81DeOseuj2UeXr1i9j2aw6M6xuycg1qpWOu', 1, '2023-04-10', 'Admin', 3),
(6, 'Parivesh', 'Thapa', 'parivesh@gmail.com', '987654', 'Kakarvitta', 'parivesh', '$2y$10$GRhDWAPiLGmCjpF2NLfy/erLuXPLc9CPPF5rQLbnl0rfhxZU8T1X2', 1, '2023-04-10', 'User', 3),
(7, 'Suman', 'Sitaula', 'suman@gmail.com', '987456321', 'Kakarvitta', 'suman', '$2y$10$KF.YYC.GeXyijs1rDYR9k.wAwabSot7lQ20PP4gYHlojcSIhXeO2G', 1, '2023-04-16', 'SalesPerson', 1),
(8, 'Sailesh', 'Rijal', 'sailesh@gmail.com', '987655432', 'Kakarvitta', 'sailesh001', '$2y$10$XBdxXHP4TlNmhStXPzsHuu3OFDGci9vlX0cbR41la9DPFDZMPHoTO', 1, '2023-05-07', 'Admin', 5),
(9, 'Sushil', 'Mishra', 'sushil@gmail.com', '987654', 'Kakarvitta', 'sushil', '$2y$10$GhT.N8Q9CzQso7y3LX55S.pXcj7ygksVXlIvdTS.bGqL5.MsNYpZe', 1, '2023-05-08', 'Admin', 6);

--
-- Constraints for dumped tables
--

--
-- Constraints for table `auto_generated_number`
--
ALTER TABLE `auto_generated_number`
  ADD CONSTRAINT `autoGeneratedNumber_ibfk_1` FOREIGN KEY (`TenantId`) REFERENCES `tenants` (`Id`) ON DELETE RESTRICT ON UPDATE RESTRICT;

--
-- Constraints for table `category`
--
ALTER TABLE `category`
  ADD CONSTRAINT `category_ibfk_1` FOREIGN KEY (`TenantId`) REFERENCES `tenants` (`Id`) ON DELETE RESTRICT ON UPDATE RESTRICT,
  ADD CONSTRAINT `category_ibfk_2` FOREIGN KEY (`UserId`) REFERENCES `user` (`Id`) ON DELETE RESTRICT ON UPDATE RESTRICT;

--
-- Constraints for table `customer`
--
ALTER TABLE `customer`
  ADD CONSTRAINT `customer_ibfk_1` FOREIGN KEY (`TenantId`) REFERENCES `tenants` (`Id`) ON DELETE RESTRICT ON UPDATE RESTRICT,
  ADD CONSTRAINT `customer_ibfk_2` FOREIGN KEY (`UserId`) REFERENCES `user` (`Id`) ON DELETE RESTRICT ON UPDATE RESTRICT;

--
-- Constraints for table `product`
--
ALTER TABLE `product`
  ADD CONSTRAINT `product_ibfk_1` FOREIGN KEY (`CategoryId`) REFERENCES `category` (`Id`) ON DELETE RESTRICT ON UPDATE RESTRICT,
  ADD CONSTRAINT `product_ibfk_2` FOREIGN KEY (`TenantId`) REFERENCES `tenants` (`Id`) ON DELETE RESTRICT ON UPDATE RESTRICT,
  ADD CONSTRAINT `product_ibfk_3` FOREIGN KEY (`UserId`) REFERENCES `user` (`Id`) ON DELETE RESTRICT ON UPDATE RESTRICT;

--
-- Constraints for table `purchase`
--
ALTER TABLE `purchase`
  ADD CONSTRAINT `purchase_ibfk_1` FOREIGN KEY (`SupplierId`) REFERENCES `supplier` (`Id`) ON DELETE RESTRICT ON UPDATE RESTRICT,
  ADD CONSTRAINT `purchase_ibfk_2` FOREIGN KEY (`TenantId`) REFERENCES `tenants` (`Id`) ON DELETE RESTRICT ON UPDATE RESTRICT,
  ADD CONSTRAINT `purchase_ibfk_3` FOREIGN KEY (`UserId`) REFERENCES `user` (`Id`) ON DELETE RESTRICT ON UPDATE RESTRICT;

--
-- Constraints for table `sales`
--
ALTER TABLE `sales`
  ADD CONSTRAINT `sales_ibfk_1` FOREIGN KEY (`CustomerId`) REFERENCES `customer` (`Id`) ON DELETE RESTRICT ON UPDATE RESTRICT,
  ADD CONSTRAINT `sales_ibfk_2` FOREIGN KEY (`TenantId`) REFERENCES `tenants` (`Id`) ON DELETE RESTRICT ON UPDATE RESTRICT,
  ADD CONSTRAINT `sales_ibfk_3` FOREIGN KEY (`UserId`) REFERENCES `user` (`Id`) ON DELETE RESTRICT ON UPDATE RESTRICT;

--
-- Constraints for table `sales_details`
--
ALTER TABLE `sales_details`
  ADD CONSTRAINT `salesDetails_ibfk_1` FOREIGN KEY (`ProductId`) REFERENCES `product` (`Id`) ON DELETE RESTRICT ON UPDATE RESTRICT,
  ADD CONSTRAINT `salesDetails_ibfk_2` FOREIGN KEY (`SalesId`) REFERENCES `sales` (`Id`) ON DELETE RESTRICT ON UPDATE RESTRICT,
  ADD CONSTRAINT `salesDetails_ibfk_3` FOREIGN KEY (`TenantId`) REFERENCES `tenants` (`Id`) ON DELETE RESTRICT ON UPDATE RESTRICT;

--
-- Constraints for table `supplier`
--
ALTER TABLE `supplier`
  ADD CONSTRAINT `supplier_ibfk_1` FOREIGN KEY (`TenantId`) REFERENCES `tenants` (`Id`) ON DELETE RESTRICT ON UPDATE RESTRICT,
  ADD CONSTRAINT `supplier_ibfk_2` FOREIGN KEY (`UserId`) REFERENCES `user` (`Id`) ON DELETE RESTRICT ON UPDATE RESTRICT;

--
-- Constraints for table `supplier_products`
--
ALTER TABLE `supplier_products`
  ADD CONSTRAINT `supplier_products_ibfk_2` FOREIGN KEY (`SupplierId`) REFERENCES `supplier` (`Id`) ON DELETE RESTRICT ON UPDATE RESTRICT,
  ADD CONSTRAINT `supplier_products_ibfk_3` FOREIGN KEY (`TenantId`) REFERENCES `tenants` (`Id`) ON DELETE RESTRICT ON UPDATE RESTRICT;

--
-- Constraints for table `user`
--
ALTER TABLE `user`
  ADD CONSTRAINT `tenant_ibfk_1` FOREIGN KEY (`TenantId`) REFERENCES `tenants` (`Id`) ON DELETE RESTRICT ON UPDATE RESTRICT;
COMMIT;

/*!40101 SET CHARACTER_SET_CLIENT=@OLD_CHARACTER_SET_CLIENT */;
/*!40101 SET CHARACTER_SET_RESULTS=@OLD_CHARACTER_SET_RESULTS */;
/*!40101 SET COLLATION_CONNECTION=@OLD_COLLATION_CONNECTION */;
